基金代码,基金类型,管理费率,托管费率,最新资产规模,披露日,2015_收益,2016_收益,2017_收益,2018_收益,2019_收益,2020_收益,2021_收益,2022_收益,2023_收益,2024_收益,2015_规模,2016_规模,2017_规模,2018_规模,2019_规模,2020_规模,2021_规模,2022_规模,2023_规模,2024_规模
000001,混合型-灵活发行日期,1.20%（每年）,0.20%（每年）,26.00亿元,缺失,38.2,3.8,13.4,-8.2,10.5,35.9,20.9,0.30000000000000004,-21.9,-17.8,,,,,,,,,,
000002,混合型-灵活发行日期,1.20%（每年）,0.20%（每年）,26.00亿元,缺失,,,,,,,,,,,,,,,,,,,,
000003,债券型-混合二级发行日期,0.75%（每年）,0.20%（每年）,0.67亿元,缺失,5.3,-19.0,-23.3,-36.7,-18.4,-6.8,-6.6,-18.1,-19.7,-16.7,,,,,,,,,,
000004,债券型-混合二级发行日期,0.75%（每年）,0.20%（每年）,0.87亿元,缺失,6.4,-18.5,-23.1,-36.7,-18.3,-7.1,-7.3,-19.1,-21.0,-18.4,,,,,,,,,,
000005,债券型-混合一级发行日期,0.30%（每年）,0.10%（每年）,3.57亿元,缺失,3.4,0.30000000000000004,0.2,3.8,2.8,1.2,4.87,1.68,2.04,3.5,,,,,,,,,,
000006,混合型-偏股发行日期,1.20%（每年）,0.10%（每年）,7.90亿元,缺失,,,,,21.2,98.7,130.87,87.49,106.56,92.09,,,,,,,,,,
000008,指数型-股票发行日期,0.15%（每年）,0.05%（每年）,15.13亿元,缺失,98.31,70.01,71.92,13.25,42.34,72.75,101.73,66.21,57.06,66.8,,,,,,,,,,
000009,货币型-普通货币发行日期,0.33%（每年）,0.10%（每年）,79.20亿元,缺失,,,,,,,,,,,,,,,,,,,,
000010,货币型-普通货币发行日期,0.33%（每年）,0.10%（每年）,4.77亿元,缺失,,,,,,,,,,,,,,,,,,,,
000011,混合型-灵活发行日期,1.20%（每年）,0.20%（每年）,35.57亿元,缺失,,,,,,,,,,,,,,,,,,,,
000012,混合型-灵活发行日期,1.20%（每年）,0.20%（每年）,35.57亿元,缺失,,,,,,,,,,,,,,,,,,,,
000013,货币型-普通货币发行日期,0.33%（每年）,0.10%（每年）,15.71亿元,缺失,,,,,,,,,,,,,,,,,,,,
000014,债券型-混合一级发行日期,0.70%（每年）,0.20%（每年）,6.53亿元,缺失,14.9,16.0,16.4,11.9,29.8,64.9,84.3,75.9,73.61,76.67,,,,,,,,,,
000015,债券型-长债发行日期,0.30%（每年）,0.10%（每年）,80.82亿元,缺失,17.2,15.3,16.5,19.6,22.4,20.4,25.1,28.4,13.37,16.3,,,,,,,,,,
000016,债券型-长债发行日期,0.30%（每年）,0.10%（每年）,16.86亿元,缺失,15.9,13.5,14.2,16.6,19.5,17.1,21.2,23.9,20.21,15.81,,,,,,,,,,
000017,混合型-偏股发行日期,1.20%（每年）,0.20%（每年）,1.10亿元,缺失,127.8,55.8,71.7,19.4,73.8,119.3,72.6,31.8,9.9,27.0,,,,,,,,,,
000020,混合型-偏股发行日期,1.20%（每年）,0.20%（每年）,3.54亿元,缺失,,,,,,,,,,,,,,,,,,,,
000021,混合型-偏股发行日期,1.20%（每年）,0.20%（每年）,47.21亿元,缺失,98.1,57.9,79.1,30.3,91.7,211.2,251.0,151.6,117.9,129.7,,,,,,,,,,
000024,债券型-混合一级发行日期,0.75%（每年）,0.20%（每年）,2.86亿元,缺失,26.6,31.7,7.6,14.4,21.2,14.8,10.21,11.22,13.23,19.78,,,,,,,,,,
000025,债券型-混合一级发行日期,0.75%（每年）,0.20%（每年）,3.28亿元,缺失,26.5,31.1,6.5,12.9,19.1,13.7,9.41,9.97,11.51,17.49,,,,,,,,,,
000028,债券型-混合二级发行日期,0.70%（每年）,0.20%（每年）,0.33亿元,缺失,7.7,0.9,1.2,1.5,7.83,15.39,20.04,7.24,-5.57,0.05,,,,,,,,,,
000029,混合型-灵活发行日期,1.20%（每年）,0.20%（每年）,2.11亿元,缺失,,,,,,,,,,,,,,,,,,,,
000030,混合型-灵活发行日期,1.20%（每年）,0.20%（每年）,0.67亿元,缺失,97.1,0.5,2.3,4.38,22.65,67.26,64.11,15.63,1.4,5.49,,,,,,,,,,
000031,混合型-偏股发行日期,1.20%（每年）,0.20%（每年）,15.29亿元,缺失,113.7,82.8,70.4,24.2,112.2,247.6,295.7,182.8,119.2,88.7,,,,,,,,,,
000032,债券型-长债发行日期,0.35%（每年）,0.10%（每年）,90.48亿元,缺失,18.5,22.1,23.3,33.6,11.0,10.5,11.65,9.53,12.71,14.63,,,,,,,,,,
000033,债券型-长债发行日期,0.35%（每年）,0.10%（每年）,42.27亿元,缺失,17.1,20.1,20.8,30.8,10.3,10.0,11.42,9.24,12.36,14.32,,,,,,,,,,
000037,债券型-长债发行日期,0.30%（每年）,0.05%（每年）,101.98亿元,缺失,0.0,0.0,0.0,0.0,0.0,1.33,7.8,5.78,11.73,17.05,,,,,,,,,,
000039,混合型-偏股发行日期,1.20%（每年）,0.20%（每年）,2.68亿元,缺失,128.13,81.3,97.94,47.36,112.99,232.41,381.12,222.83,214.92,254.77,,,,,,,,,,
000041,QDII-普通股票发行日期,1.20%（每年）,0.20%（每年）,24.71亿元,缺失,-22.0,-23.1,5.0,-9.2,7.3,40.2,19.7,-14.2,-7.39,17.97,,,,,,,,,,
000042,指数型-股票发行日期,1.00%（每年）,0.15%（每年）,0.39亿元,缺失,57.3,43.9,73.79,44.33,37.06,86.41,111.07,74.2,67.89,94.25,,,,,,,,,,
000043,QDII-普通股票发行日期,1.20%（每年）,0.20%（每年）,46.71亿元,缺失,,,,,,,,,,,,,,,,,,,,
000044,QDII-普通股票发行日期,1.20%（每年）,0.20%（每年）,,缺失,21.6,26.2,55.1,49.2,90.2,158.2,223.5,134.6,220.3,318.8,,,,,,,,,,
000045,债券型-混合二级发行日期,0.60%（每年）,0.20%（每年）,37.86亿元,缺失,37.0,21.6,28.2,32.5,46.2,50.4,57.8,38.1,39.0,48.2,,,,,,,,,,
000046,债券型-混合二级发行日期,0.60%（每年）,0.20%（每年）,1.35亿元,缺失,35.1,20.3,26.3,30.2,43.2,47.5,54.2,34.4,34.8,43.2,,,,,,,,,,
000047,债券型-混合一级发行日期,0.60%（每年）,0.20%（每年）,15.50亿元,缺失,17.0,14.3,16.6,19.2,32.3,55.3,69.6,57.3,59.57,78.86,,,,,,,,,,
000048,债券型-混合一级发行日期,0.60%（每年）,0.20%（每年）,6.18亿元,缺失,15.9,13.4,15.5,17.8,30.3,52.9,66.5,54.0,55.72,74.03,,,,,,,,,,
000051,指数型-股票发行日期,0.15%（每年）,0.05%（每年）,105.80亿元,缺失,15.3,6.1,30.1,0.7000000000000001,36.8,74.73,69.0,36.55,24.28,45.18,,,,,,,,,,
000053,债券型-长债发行日期,0.30%（每年）,0.10%（每年）,5.12亿元,缺失,45.6,34.78,32.44,0.34,1.17,3.1,1.04,1.08,3.69,5.07,,,,,,,,,,
000054,债券型-混合二级发行日期,0.50%（每年）,0.15%（每年）,9.87亿元,缺失,22.0,27.46,17.51,10.76,21.2,32.88,44.85,25.83,22.02,31.33,,,,,,,,,,
000055,指数型-海外股票发行日期成立日期/规模,0.80%（每年）,0.20%（每年）,93.14亿元,缺失,,,,,,,,,,,,,,,,,,,,
000056,混合型-灵活发行日期,1.20%（每年）,0.20%（每年）,0.47亿元,缺失,71.3,64.9,96.7,46.4,118.5,227.4,205.0,144.2,109.5,109.6,,,,,,,,,,
000057,混合型-偏股发行日期,1.20%（每年）,0.20%（每年）,0.39亿元,缺失,,,,,,,,,,,,,,,,,,,,
000058,混合型-灵活发行日期,0.90%（每年）,0.20%（每年）,3.27亿元,缺失,25.3,-0.8,0.17,3.61,22.28,41.55,52.08,46.39,35.29,52.51,,,,,,,,,,
000059,指数型-股票发行日期,0.80%（每年）,0.20%（每年）,1.78亿元,缺失,76.9,-1.1,-0.32,-25.93,-4.63,35.53,38.13,14.15,3.33,-7.06,,,,,,,,,,
000061,混合型-偏股发行日期,1.20%（每年）,0.20%（每年）,8.09亿元,缺失,21.7,4.2,-12.7,-47.1,-26.1,10.1,66.7,32.8,18.6,23.0,,,,,,,,,,
000063,混合型-灵活发行日期,1.20%（每年）,0.20%（每年）,2.24亿元,缺失,153.1,79.5,86.3,18.4,50.7,118.2,100.2,59.4,34.5,45.5,,,,,,,,,,
000064,债券型-长债发行日期,0.30%（每年）,0.10%（每年）,2.12亿元,缺失,7.7,4.9,2.9,7.5,6.8,4.1,7.5,3.6,3.7,8.2,,,,,,,,,,
000065,混合型-灵活发行日期,0.90%（每年）,0.20%（每年）,0.52亿元,缺失,,,,,,,,,,,,,,,,,,,,
000066,混合型-偏股发行日期,1.20%（每年）,0.20%（每年）,0.44亿元,缺失,44.3,0.8,4.5,8.3,22.14,63.27,113.64,81.72,46.82,35.15,,,,,,,,,,
000067,债券型-混合二级发行日期,0.70%（每年）,0.20%（每年）,0.54亿元,缺失,-15.6,-32.4,-34.7,-39.8,-24.8,-13.1,7.7,-20.9,-27.4,-25.5,,,,,,,,,,
000068,债券型-混合二级发行日期,0.70%（每年）,0.20%（每年）,0.77亿元,缺失,-15.8,-32.8,-35.3,-40.6,-26.0,-14.9,5.1,-23.2,-29.8,-28.2,,,,,,,,,,
000069,债券型-混合一级发行日期,0.30%（每年）,0.10%（每年）,13.86亿元,缺失,11.2,7.1,4.6,9.8,10.5,10.4,11.8,9.5,12.4,15.44,,,,,,,,,,
000070,债券型-混合一级发行日期,0.30%（每年）,0.10%（每年）,1.43亿元,缺失,11.1,6.9,4.4,9.5,10.4,10.0,11.5,9.3,12.3,15.21,,,,,,,,,,
000071,指数型-海外股票发行日期,0.60%（每年）,0.15%（每年）,50.50亿元,缺失,8.0,19.38,53.57,39.86,56.98,45.91,24.38,14.69,2.02,24.46,,,,,,,,,,
000072,混合型-灵活发行日期,0.70%（每年）,0.20%（每年）,0.99亿元,缺失,81.9,0.7000000000000001,3.7,6.3,10.41,22.56,31.0,26.89,26.18,33.0,,,,,,,,,,
000073,混合型-灵活发行日期,1.20%（每年）,0.20%（每年）,1.86亿元,缺失,51.3,2.8,37.2,-11.4,46.3,172.02,204.57,111.54,73.94,68.75,,,,,,,,,,
000074,债券型-长债发行日期,0.30%（每年）,0.10%（每年）,10.67亿元,缺失,26.8,28.6,29.8,42.1,49.2,55.1,62.1,65.3,73.7,82.0,,,,,,,,,,
000075,指数型-海外股票发行日期,0.60%（每年）,0.15%（每年）,50.50亿元,缺失,5.253164557,8.9240506329,48.7341772152,28.9873417722,42.4050632911,41.5189873418,23.4810126582,4.2405063291,-8.8607594937,9.5569620253,,,,,,,,,,
000076,指数型-海外股票发行日期,0.60%（每年）,0.15%（每年）,50.50亿元,缺失,5.253164557,8.9240506329,48.7341772152,28.9873417722,42.4050632911,41.5189873418,23.4810126582,4.2405063291,-8.8607594937,9.5569620253,,,,,,,,,,
000077,债券型-长债发行日期,0.30%（每年）,0.10%（每年）,0.40亿元,缺失,25.4,26.8,27.3,38.8,45.2,50.4,56.6,59.0,66.4,73.7,,,,,,,,,,
000078,债券型-长债发行日期,0.30%（每年）,0.10%（每年）,23.28亿元,缺失,,,,,,,,,,,,,,,,,,,,
000079,债券型-长债发行日期,0.30%（每年）,0.10%（每年）,0.07亿元,缺失,16.4,18.7,16.7,26.0,32.1,33.6,41.26,44.42,50.08,56.77,,,,,,,,,,
000080,债券型-混合二级发行日期,0.70%（每年）,0.20%（每年）,0.16亿元,缺失,39.2,12.9,9.2,5.9,36.5,48.9,70.9,42.7,45.98,50.54,,,,,,,,,,
000081,债券型-混合二级发行日期,0.70%（每年）,0.20%（每年）,0.42亿元,缺失,38.2,11.6,7.6,3.8,33.4,44.8,65.5,37.6,40.2,44.0,,,,,,,,,,
000082,股票型发行日期,1.20%（每年）,0.20%（每年）,5.11亿元,缺失,86.4,12.4,41.1,4.2,24.8,90.0,109.8,73.5,54.3,69.3,,,,,,,,,,
000083,混合型-偏股发行日期,1.20%（每年）,0.20%（每年）,99.83亿元,缺失,,,,,,,,,,,,,,,,,,,,
000084,债券型-中短债发行日期,0.30%（每年）,0.08%（每年）,38.18亿元,缺失,9.1,11.3,13.6,20.35,24.8,25.62,28.72,26.32,25.82,25.52,,,,,,,,,,
000085,债券型-中短债发行日期,0.30%（每年）,0.08%（每年）,12.74亿元,缺失,8.2,9.9,11.8,17.95,21.95,22.65,25.44,23.22,22.91,22.69,,,,,,,,,,
000086,债券型-长债发行日期,0.40%（每年）,0.10%（每年）,9.31亿元,缺失,,,,,,,,,,,,,,,,,,,,
000089,债券型-中短债发行日期,0.30%（每年）,0.10%（每年）,5.64亿元,缺失,,,,,,,,,,,,,,,,,,,,
000090,债券型-中短债发行日期,0.30%（每年）,0.10%（每年）,7.65亿元,缺失,0.0,0.0,0.0,0.0,0.0,1.3800000000000001,2.37,4.78,7.82,10.97,,,,,,,,,,
000103,QDII-纯债发行日期,1.10%（每年）,0.28%（每年）,5.88亿元,缺失,17.3,34.8,31.8,35.6,47.94,37.85,20.87,-27.64,-27.58,-24.84,,,,,,,,,,
000104,债券型-混合一级发行日期,0.40%（每年）,0.20%（每年）,0.96亿元,缺失,4.6,8.0,8.2,5.81,11.36,13.16,19.14,16.74,22.1,27.71,,,,,,,,,,
000105,债券型-长债发行日期,0.30%（每年）,0.10%（每年）,19.15亿元,缺失,,,,,,,,,,,,,,,,,,,,
000106,债券型-长债发行日期,0.30%（每年）,0.10%（每年）,0.14亿元,缺失,16.4,16.4,17.5,24.4,30.0,34.3,25.9,5.6,4.2,7.2,,,,,,,,,,
000107,债券型-混合二级发行日期,0.50%（每年）,0.20%（每年）,27.55亿元,缺失,2.8,5.7,4.0,8.0,18.7,21.6,25.2,26.9,23.1,29.0,,,,,,,,,,
000108,债券型-混合二级发行日期,0.50%（每年）,0.20%（每年）,27.55亿元,缺失,,,,,,,,,,,,,,,,,,,,
000109,债券型-混合二级发行日期,0.50%（每年）,0.20%（每年）,7.86亿元,缺失,2.5,5.0,3.4,6.9,17.1,19.4,22.4,23.6,19.5,24.7,,,,,,,,,,
000110,混合型-偏债发行日期,0.60%（每年）,0.20%（每年）,0.15亿元,缺失,4.48,4.26,5.08,7.04,24.66,49.7,62.68,39.3,32.07,35.91,,,,,,,,,,
000111,债券型-长债发行日期,0.30%（每年）,0.10%（每年）,19.30亿元,缺失,14.5,4.5,7.9,6.3,4.7,3.1,4.4,6.2,4.5,3.6,,,,,,,,,,
000112,债券型-长债发行日期,0.30%（每年）,0.10%（每年）,0.07亿元,缺失,13.8,3.5,6.5,5.6,4.4,2.8,4.1,5.4,4.2,3.5,,,,,,,,,,
000116,债券型-长债发行日期,0.30%（每年）,0.10%（每年）,24.78亿元,缺失,2.3,-1.5,0.2,1.68,1.05,0.52,0.01,0.14,2.7,2.7600000000000002,,,,,,,,,,
000117,混合型-偏股发行日期,1.20%（每年）,0.20%（每年）,2.68亿元,缺失,75.3,52.1,71.7,22.1,95.0,253.9,223.6,152.7,108.8,94.2,,,,,,,,,,
000118,债券型-混合二级发行日期,0.70%（每年）,0.20%（每年）,110.49亿元,缺失,32.2,19.0,21.1,14.7,42.2,54.0,55.2,46.04,45.8,52.55,,,,,,,,,,
000119,债券型-混合二级发行日期,0.70%（每年）,0.20%（每年）,15.43亿元,缺失,31.7,18.0,20.4,13.5,41.7,53.5,54.63,45.55,45.28,51.7,,,,,,,,,,
000120,混合型-偏股发行日期,1.20%（每年）,0.20%（每年）,0.33亿元,缺失,51.5,22.7,37.9,7.4,48.3,153.7,174.7,127.1,99.4,114.7,,,,,,,,,,
000121,混合型-偏债发行日期,0.90%（每年）,0.20%（每年）,7.22亿元,缺失,44.6,48.9,59.4,51.1,84.3,137.4,150.5,126.8,126.5,143.2,,,,,,,,,,
000122,债券型-混合一级发行日期,0.30%（每年）,0.10%（每年）,44.77亿元,缺失,12.2,7.1,9.0,10.3,18.2,22.8,25.2,28.4,32.29,43.95,,,,,,,,,,
000123,债券型-混合一级发行日期,0.30%（每年）,0.10%（每年）,8.15亿元,缺失,10.6,5.2,6.5,7.2,14.5,18.5,20.3,22.8,26.1,36.67,,,,,,,,,,
000124,混合型-偏股发行日期,1.20%（每年）,0.20%（每年）,5.52亿元,缺失,,,,,,,,,,,,,,,,,,,,
000126,混合型-灵活发行日期,1.20%（每年）,0.20%（每年）,2.94亿元,缺失,42.2,0.8,2.4,3.0,37.92,172.94,307.13,218.77,105.79,94.8,,,,,,,,,,
000127,混合型-偏股发行日期,1.20%（每年）,0.20%（每年）,6.95亿元,缺失,98.7,83.27,129.82,89.49,127.78,283.76,277.54,179.23,128.59,150.67,,,,,,,,,,
000128,债券型-中短债发行日期,0.25%（每年）,0.05%（每年）,4.16亿元,缺失,18.1,19.81,25.73,20.88,24.46,28.05,20.93,22.74,26.38,30.21,,,,,,,,,,
000129,债券型-中短债发行日期,0.25%（每年）,0.05%（每年）,17.89亿元,缺失,19.0,21.17,27.52,23.13,27.15,31.19,23.89,26.13,30.24,34.57,,,,,,,,,,
000130,债券型-混合一级发行日期,0.70%（每年）,0.20%（每年）,6.30亿元,缺失,,,,,,,,,,,,,,,,,,,,
000131,债券型-混合一级发行日期,0.70%（每年）,0.20%（每年）,4.93亿元,缺失,38.8,9.0,10.5,21.19,25.68,29.15,41.8,41.36,44.93,54.53,,,,,,,,,,
000134,债券型-长债发行日期,0.20%（每年）,0.05%（每年）,33.51亿元,缺失,,,,,,0.9316770186000001,2.0637146864,2.3542376277,1.7331196153,2.053696654,,,,,,,,,,
000135,债券型-长债发行日期,0.20%（每年）,0.05%（每年）,0.00亿元,缺失,,,,,,0.1803245843,0.1803245843,0.1803245843,0.1803245843,0.1803245843,,,,,,,,,,
000136,混合型-灵活发行日期,1.20%（每年）,0.20%（每年）,15.22亿元,缺失,156.9,133.3,123.8,90.7,179.4,397.6,426.6,246.3,258.2,258.5,,,,,,,,,,
000137,债券型-长债发行日期,0.30%（每年）,0.10%（每年）,13.55亿元,缺失,6.7,3.6,5.8,16.42,15.03,14.34,16.21,15.41,16.87,17.03,,,,,,,,,,
000138,债券型-长债发行日期,0.30%（每年）,0.10%（每年）,0.07亿元,缺失,6.5,3.5,5.3,15.43,13.51,13.33,14.68,13.38,14.31,13.85,,,,,,,,,,
000139,债券型-长债发行日期,0.30%（每年）,0.05%（每年）,7.56亿元,缺失,0.5,-0.5,0.7000000000000001,0.51,0.68,0.89,0.51,-0.02,0.74,0.77,,,,,,,,,,
000140,债券型-长债发行日期,0.30%（每年）,0.05%（每年）,7.56亿元,缺失,,,,,,,,,,,,,,,,,,,,
000141,债券型-长债发行日期,0.30%（每年）,0.05%（每年）,113.96亿元,缺失,0.30000000000000004,-0.8,0.7000000000000001,0.64,0.47000000000000003,0.68,0.56,0.2,0.6900000000000001,0.66,,,,,,,,,,
000142,债券型-混合二级发行日期,0.70%（每年）,0.20%（每年）,19.86亿元,缺失,24.3,-0.8,1.5,2.8,10.98,20.28,31.27,24.32,8.96,13.46,,,,,,,,,,
000143,债券型-混合二级发行日期,0.50%（每年）,0.15%（每年）,31.98亿元,缺失,27.1,28.42,31.71,34.05,48.97,71.29,83.45,59.81,58.69,75.43,,,,,,,,,,
000147,债券型-长债发行日期,0.40%（每年）,0.10%（每年）,10.78亿元,缺失,,,,,,,,,,,,,,,,,,,,
000148,债券型-长债发行日期,0.40%（每年）,0.10%（每年）,7.64亿元,缺失,,,,,,,,,,,,,,,,,,,,
000149,债券型-混合一级发行日期,0.30%（每年）,0.10%（每年）,0.43亿元,缺失,40.1,33.3,11.2,18.2,23.71,29.79,34.27,26.44,29.12,35.35,,,,,,,,,,
000150,债券型-混合一级发行日期,0.30%（每年）,0.10%（每年）,0.40亿元,缺失,39.8,32.4,9.8,16.2,21.22,26.73,30.64,22.6,24.76,30.31,,,,,,,,,,
000152,债券型-长债发行日期,0.30%（每年）,0.10%（每年）,0.33亿元,缺失,25.1,6.9,9.1,15.7,7.46,6.42,7.06,7.08,7.95,9.36,,,,,,,,,,
000153,债券型-长债发行日期,0.30%（每年）,0.10%（每年）,0.84亿元,缺失,24.3,5.7,7.4,13.3,7.2,6.13,6.76,6.75,7.25,8.95,,,,,,,,,,
000154,指数型-股票发行日期,1.00%（每年）,0.18%（每年）,56.97亿元,缺失,,,,,,,,,,,,,,,,,,,,
000155,混合型-偏股发行日期,1.20%（每年）,0.20%（每年）,4.15亿元,缺失,,,,,,,,,,,,,,,,,,,,
000157,QDII-普通股票发行日期,1.20%（每年）,0.20%（每年）,4.48亿元,缺失,,,,,,,,,,,,,,,,,,,,
000158,混合型-偏股发行日期,1.20%（每年）,0.20%（每年）,8.67亿元,缺失,,,,,,,,,,,,,,,,,,,,
000159,混合型-偏股发行日期,1.20%（每年）,0.20%（每年）,9.45亿元,缺失,,,,,,,,,,,,,,,,,,,,
000160,债券型-长债发行日期,0.30%（每年）,0.07%（每年）,12.01亿元,缺失,,,,,,,,,,,,,,,,,,,,
000161,混合型-灵活发行日期,1.20%（每年）,0.20%（每年）,2.11亿元,缺失,,,,,,,,,,,,,,,,,,,,
000162,QDII-混合偏股发行日期,1.20%（每年）,0.20%（每年）,32.07亿元,缺失,,,,,,,,,,,,,,,,,,,,
000163,QDII-混合债发行日期,0.50%（每年）,0.10%（每年）,49.70亿元,缺失,,,,,,,,,,,,,,,,,,,,
000164,指数型-股票发行日期,0.50%（每年）,0.10%（每年）,2.74亿元,缺失,,,,,,,,,,,,,,,,,,,,
000165,混合型-灵活发行日期,1.20%（每年）,0.20%（每年）,6.96亿元,缺失,94.8,69.9,56.3,39.5,73.0,147.6,183.1,116.9,91.0,70.79,,,,,,,,,,
000166,混合型-偏股发行日期,1.20%（每年）,0.20%（每年）,0.60亿元,缺失,,,,,,,,,,,,,,,,,,,,
000167,混合型-灵活发行日期,1.20%（每年）,0.20%（每年）,2.57亿元,缺失,70.0,20.3,38.5,1.9000000000000001,72.9,213.4,167.7,110.0,92.0,94.7,,,,,,,,,,
000171,债券型-混合二级发行日期,0.40%（每年）,0.10%（每年）,152.02亿元,缺失,43.5,44.9,57.3,64.1,83.4,106.4,72.2,65.3,67.8,82.7,,,,,,,,,,
000172,混合型-偏股发行日期,1.00%（每年）,0.20%（每年）,11.14亿元,缺失,76.0,39.5,45.2,7.1,43.0,63.2,68.6,39.7,18.9,36.0,,,,,,,,,,
000173,混合型-偏股发行日期,1.20%（每年）,0.20%（每年）,11.13亿元,缺失,129.5,85.8,148.1,89.4,136.6,243.2,253.0,183.0,141.2,142.6,,,,,,,,,,
000174,债券型-混合一级发行日期,0.40%（每年）,0.10%（每年）,1.95亿元,缺失,,,,,,,,,,,,,,,,,,,,
000175,债券型-混合一级发行日期,0.40%（每年）,0.10%（每年）,1.83亿元,缺失,38.4,35.0,36.9,36.7,46.3,49.2,48.7,50.0,53.75,59.16,,,,,,,,,,
000176,指数型-股票发行日期,1.00%（每年）,0.18%（每年）,14.10亿元,缺失,13.45,5.03,36.04,5.99,48.34,96.6,89.01,48.92,31.98,47.02,,,,,,,,,,
000179,指数型-海外股票发行日期,0.80%（每年）,0.30%（每年）,1.29亿元,缺失,33.2,31.6,27.6,8.3,24.8,2.9,39.2,9.4,18.6,23.7,,,,,,,,,,
000180,指数型-海外股票发行日期,0.80%（每年）,0.30%（每年）,1.29亿元,缺失,26.761433869,17.2435105068,20.7045735476,-2.7194066749,10.5686032138,-2.5339925834,34.9196538937,-2.9048207664,3.5228677379,6.3658838072,,,,,,,,,,
000181,债券型-混合二级发行日期,0.30%（每年）,0.10%（每年）,50.26亿元,缺失,11.8,11.5,16.8,13.6,19.6,23.2,26.4,17.8,15.1,22.6,,,,,,,,,,
000182,债券型-混合二级发行日期,0.30%（每年）,0.10%（每年）,6.00亿元,缺失,,,,,,,,,,,,,,,,,,,,
000183,债券型-混合一级发行日期,0.30%（每年）,0.10%（每年）,12.10亿元,缺失,3.1,-0.2,-2.7,0.4,1.3,0.30000000000000004,2.3,-1.27,1.11,2.17,,,,,,,,,,
000184,债券型-混合二级发行日期,0.30%（每年）,0.10%（每年）,0.81亿元,缺失,65.4,63.8,66.6,47.6,49.8,61.0,74.5,70.4,69.4,90.3,,,,,,,,,,
000185,债券型-混合二级发行日期,0.30%（每年）,0.10%（每年）,0.35亿元,缺失,63.3,61.1,63.2,47.3,49.0,59.5,72.2,67.4,65.9,85.9,,,,,,,,,,
000186,债券型-混合一级发行日期,0.35%（每年）,0.10%（每年）,47.09亿元,缺失,4.7,-0.30000000000000004,1.7,6.22,4.73,3.9,7.28,5.78,8.11,9.41,,,,,,,,,,
000187,债券型-长债发行日期,0.30%（每年）,0.15%（每年）,4.53亿元,缺失,12.9,5.84,9.31,20.56,24.55,1.36,8.23,6.1,10.86,15.57,,,,,,,,,,
000188,债券型-长债发行日期,0.30%（每年）,0.15%（每年）,1.68亿元,缺失,12.4,4.72,7.72,18.31,21.71,1.09,7.5,6.0,10.31,14.53,,,,,,,,,,
000189,债券型-混合二级发行日期,0.80%（每年）,0.20%（每年）,11.86亿元,缺失,,1.4,2.3,3.2,10.2,30.25,31.21,22.39,24.36,31.21,,,,,,,,,,
000190,混合型-灵活发行日期,1.20%（每年）,0.20%（每年）,9.55亿元,缺失,37.2,19.1,33.6,28.7,46.0,72.3,71.9,64.0,64.2,74.8,,,,,,,,,,
000191,债券型-长债发行日期,0.50%（每年）,0.10%（每年）,100.22亿元,缺失,3.3,0.4,0.1,3.2,8.31,11.63,17.88,20.12,25.73,31.49,,,,,,,,,,
000192,债券型-长债发行日期,0.50%（每年）,0.10%（每年）,14.78亿元,缺失,3.0,0.1,0.2,3.2,7.91,10.77,16.5,18.24,23.27,28.41,,,,,,,,,,
000194,债券型-长债发行日期,0.30%（每年）,0.08%（每年）,9.48亿元,缺失,7.5,3.0,1.1,7.1,8.4,7.7,8.82,7.32,8.96,9.88,,,,,,,,,,
000195,混合型-灵活发行日期,0.60%（每年）,0.15%（每年）,0.47亿元,缺失,35.1,-0.7000000000000001,1.3,5.6,18.9,44.4,50.2,46.2,41.1,56.4,,,,,,,,,,
000196,混合型-灵活发行日期,0.60%（每年）,0.15%（每年）,0.33亿元,缺失,32.9,-1.0,0.4,3.9,16.2,40.2,45.0,40.3,34.6,48.3,,,,,,,,,,
000197,债券型-长债发行日期,,0.05%（每年）,30.44亿元,缺失,3.2,0.4,2.3,5.7,7.7,8.8,9.7,12.3,12.4,12.08,,,,,,,,,,
000198,货币型-普通货币发行日期,0.30%（每年）,0.08%（每年）,,缺失,,,,,,,,,,,,,,,,,,,,
000199,混合型-偏股发行日期,1.20%（每年）,0.20%（每年）,1.60亿元,缺失,49.9,35.7,40.4,3.36,33.57,88.28,89.85,53.55,37.04,34.45,,,,,,,,,,
000200,债券型-中短债发行日期,0.40%（每年）,0.15%（每年）,19.45亿元,缺失,9.1,-1.4,-1.3,2.9,9.2,13.9,15.4,13.63,19.2,24.43,,,,,,,,,,
000201,债券型-长债发行日期,0.70%（每年）,0.20%（每年）,0.52亿元,缺失,0.9,2.2,1.5,8.0,3.6,0.9,3.9,-1.33,2.23,3.48,,,,,,,,,,
000203,货币型-普通货币发行日期,0.33%（每年）,0.10%（每年）,55.61亿元,缺失,,,,,,,,,,,,,,,,,,,,
000204,货币型-普通货币发行日期,0.33%（每年）,0.10%（每年）,5.20亿元,缺失,,,,,,,,,,,,,,,,,,,,
000205,债券型-长债发行日期,0.30%（每年）,0.05%（每年）,21.09亿元,缺失,13.9,8.9,9.3,13.8,14.3,12.8,15.0,13.8,16.4,17.33,,,,,,,,,,
000206,债券型-长债发行日期,0.30%（每年）,0.05%（每年）,4.51亿元,缺失,13.6,8.6,9.3,13.8,14.0,12.7,14.8,13.7,16.2,17.13,,,,,,,,,,
000207,债券型-混合一级发行日期,0.30%（每年）,0.10%（每年）,0.09亿元,缺失,,,,,,,,,,,,,,,,,,,,
000208,债券型-混合一级发行日期,0.30%（每年）,0.10%（每年）,0.08亿元,缺失,,,,,,,,,,,,,,,,,,,,
000209,混合型-偏股发行日期,1.20%（每年）,0.20%（每年）,16.11亿元,缺失,129.9,65.4,44.4,0.4,42.6,189.3,411.2,252.49,124.0,106.88,,,,,,,,,,
000210,货币型-普通货币发行日期,0.15%（每年）,0.05%（每年）,0.73亿元,缺失,,,,,,,,,,,,,,,,,,,,
000211,货币型-普通货币发行日期,0.15%（每年）,0.05%（每年）,0.30亿元,缺失,,,,,,,,,,,,,,,,,,,,
000212,债券型-长债发行日期,0.30%（每年）,0.10%（每年）,5.22亿元,缺失,4.8,4.9,5.4,12.0,16.0,20.6,27.0,33.0,28.3,26.95,,,,,,,,,,
000213,债券型-长债发行日期,0.30%（每年）,0.10%（每年）,0.09亿元,缺失,4.7,4.4,4.7,10.8,14.3,18.3,24.3,29.6,24.3,22.22,,,,,,,,,,
000214,混合型-灵活发行日期,0.60%（每年）,0.10%（每年）,2.09亿元,缺失,34.7,33.8,51.7,40.1,43.6,71.8,74.1,40.8,27.1,34.3,,,,,,,,,,
000215,混合型-灵活发行日期,0.60%（每年）,0.15%（每年）,8.07亿元,缺失,39.7,49.0,62.8,52.8,56.57,60.56,66.86,66.23,64.49,66.5,,,,,,,,,,
000216,指数型-其他发行日期,0.50%（每年）,0.10%（每年）,59.44亿元,缺失,-16.3,-1.68,1.11,4.64,24.66,41.99,35.21,47.48,71.01,115.41,,,,,,,,,,
000217,指数型-其他发行日期,0.50%（每年）,0.10%（每年）,197.03亿元,缺失,-16.6,-2.01,0.49,4.07,24.05,40.81,33.61,45.23,67.81,110.64,,,,,,,,,,
000218,指数型-其他发行日期,0.50%（每年）,0.10%（每年）,71.59亿元,缺失,,1.12,4.09,7.45,27.74,45.04,37.98,51.69,76.65,123.99,,,,,,,,,,
000219,混合型-灵活发行日期,1.20%（每年）,0.20%（每年）,1.22亿元,缺失,80.5,11.7,21.0,3.3,53.6,108.5,204.5,106.1,95.0,131.5,,,,,,,,,,
000220,混合型-偏股发行日期,1.20%（每年）,0.20%（每年）,9.72亿元,缺失,,,,,,,,,,,,,,,,,,,,
000221,债券型-混合一级发行日期,0.30%（每年）,0.10%（每年）,19.81亿元,缺失,19.5,24.0,20.0,20.2,29.5,30.9,31.1,30.55,32.84,34.44,,,,,,,,,,
000222,债券型-混合一级发行日期,0.30%（每年）,0.10%（每年）,0.08亿元,缺失,,,,,,,,,,,,,,,,,,,,
000227,债券型-混合一级发行日期,,0.10%（每年）,1.27亿元,缺失,7.8,4.8,4.4,6.8,5.7,4.6,4.3,2.2,3.9,5.7,,,,,,,,,,
000235,债券型-长债发行日期,,0.18%（每年）,0.52亿元,缺失,1.4,-2.1,0.2,0.2,3.6,2.1,5.0,-0.92,1.12,3.28,,,,,,,,,,
000236,债券型-混合二级发行日期,0.70%（每年）,0.20%（每年）,1.97亿元,缺失,45.2,43.5,50.2,48.9,60.6,76.3,82.1,68.3,66.7,75.4,,,,,,,,,,
000239,债券型-混合一级发行日期,0.20%（每年）,0.05%（每年）,0.53亿元,缺失,4.4,-2.0,-3.2,2.8,3.3,2.5,3.3,0.1,1.1,4.79,,,,,,,,,,
000240,债券型-混合一级发行日期,0.20%（每年）,0.05%（每年）,0.04亿元,缺失,4.3,-2.3,-3.8,2.3,3.1,2.4,3.1,-0.2,0.79,4.15,,,,,,,,,,
000241,混合型-灵活发行日期,1.20%（每年）,0.20%（每年）,0.14亿元,缺失,,,,,,,,,,,,,,,,,,,,
000242,混合型-灵活发行日期,1.20%（每年）,0.20%（每年）,16.42亿元,缺失,40.0,40.5,13.3,-9.6,30.2,112.5,216.9,149.3,178.7,187.5,,,,,,,,,,
000244,债券型-混合一级发行日期,0.30%（每年）,0.10%（每年）,11.03亿元,缺失,,,,,,,,,,,,,,,,,,,,
000245,债券型-混合一级发行日期,0.30%（每年）,0.10%（每年）,0.13亿元,缺失,21.0,22.9,5.7,15.0,12.17,11.84,19.77,12.93,25.16,31.91,,,,,,,,,,
000248,指数型-股票发行日期,0.50%（每年）,0.10%（每年）,37.42亿元,缺失,-1.59,0.29,56.1,23.93,101.16,240.71,219.35,178.19,130.93,121.93,,,,,,,,,,
000251,混合型-偏股发行日期,1.20%（每年）,0.20%（每年）,14.62亿元,缺失,167.6,112.8,144.1,87.1,131.4,164.6,165.3,143.5,100.8,169.1,,,,,,,,,,
000252,债券型-长债发行日期,0.30%（每年）,0.10%（每年）,27.52亿元,缺失,24.3,25.6,27.9,32.2,22.8,15.4,18.5,12.0,16.28,22.15,,,,,,,,,,
000253,债券型-长债发行日期,0.30%（每年）,0.10%（每年）,1.50亿元,缺失,23.1,23.8,25.6,29.4,19.5,15.0,17.7,11.19,15.93,21.29,,,,,,,,,,
000254,债券型-混合一级发行日期,0.60%（每年）,0.20%（每年）,4.11亿元,缺失,7.7,8.2,6.8,9.82,10.16,11.46,10.61,5.96,9.76,13.78,,,,,,,,,,
000255,债券型-混合一级发行日期,0.60%（每年）,0.20%（每年）,2.31亿元,缺失,,,,,,,,,,,,,,,,,,,,
000259,混合型-灵活发行日期,1.20%（每年）,0.20%（每年）,3.30亿元,缺失,104.07,89.95,133.47,78.29,157.48,337.28,403.74,341.19,325.54,335.42,,,,,,,,,,
000263,混合型-偏股发行日期,1.20%（每年）,0.20%（每年）,8.39亿元,缺失,,,,,,,,,,,,,,,,,,,,
000264,混合型-灵活发行日期,1.20%（每年）,0.20%（每年）,1.37亿元,缺失,48.4340044743,6.8232662192,16.8903803132,-6.9351230425,23.6017897092,91.3870246085,124.7203579418,39.8210290828,12.0805369128,-6.9351230425,,,,,,,,,,
000265,债券型-长债发行日期,0.30%（每年）,0.14%（每年）,16.15亿元,缺失,10.3,10.6,2.3,9.5,1.6,1.4,4.0,1.6,2.6,3.1,,,,,,,,,,
000266,债券型-长债发行日期,0.30%（每年）,0.14%（每年）,4.57亿元,缺失,9.8,9.6,1.8,8.5,1.5,1.1,3.6,1.3,2.4,2.8,,,,,,,,,,
000267,债券型-长债发行日期,0.70%（每年）,0.20%（每年）,2.92亿元,缺失,17.1,8.4,6.9,10.8,11.4,8.4,11.5,7.2,9.5,13.1,,,,,,,,,,
000268,债券型-长债发行日期,0.70%（每年）,0.20%（每年）,0.45亿元,缺失,16.7,7.9,6.6,10.4,11.0,8.0,11.1,6.9,9.2,12.6,,,,,,,,,,
000270,混合型-灵活发行日期,1.00%（每年）,0.20%（每年）,1.12亿元,缺失,54.0,0.1,2.9,5.5,6.09,13.29,12.12,-1.68,10.08,10.56,,,,,,,,,,
000271,债券型-长债发行日期,0.30%（每年）,0.10%（每年）,3.84亿元,缺失,12.0,3.8,1.1,7.5,4.4,2.9,7.3,3.3,8.4,13.4,,,,,,,,,,
000272,债券型-长债发行日期,0.30%（每年）,0.10%（每年）,0.16亿元,缺失,11.1,2.6,0.7000000000000001,7.0,4.5,3.6,7.1,3.0,8.0,12.6,,,,,,,,,,
000273,混合型-灵活发行日期,1.20%（每年）,0.20%（每年）,0.06亿元,缺失,82.1,79.6,48.9,5.7,36.74,79.63,90.01,73.24,59.74,60.5,,,,,,,,,,
000274,QDII-纯债发行日期,0.50%（每年）,0.10%（每年）,1.09亿元,缺失,15.6,23.2,20.7,22.5,35.1,35.9,17.35,11.58,14.78,18.05,,,,,,,,,,
000275,QDII-纯债发行日期,0.50%（每年）,0.10%（每年）,1.09亿元,缺失,9.269490485,9.0239410681,13.3824432167,9.6378146102,18.9073050952,27.8698588091,13.0141190915,-1.6574585635,-0.4910988336,0.7980356047,,,,,,,,,,
000277,债券型-长债发行日期,0.70%（每年）,0.20%（每年）,3.54亿元,缺失,,,,,,,,,,,,,,,,,,,,
000279,混合型-灵活发行日期,1.20%（每年）,0.20%（每年）,1.69亿元,缺失,9.4,3.7,-0.4,-14.6,6.6,7.0,2.1,-27.9,-31.3,-29.0,,,,,,,,,,
000286,债券型-混合一级发行日期,0.36%（每年）,0.10%（每年）,15.81亿元,缺失,4.9,1.3,2.7,6.0,6.0,5.0,5.78,4.44,5.35,6.81,,,,,,,,,,
000289,债券型-混合一级发行日期,0.30%（每年）,0.10%（每年）,5.41亿元,缺失,2.2,-1.05,-0.25,4.83,8.87,4.52,8.72,11.11,13.91,8.95,,,,,,,,,,
000290,QDII-纯债发行日期,1.00%（每年）,0.30%（每年）,7.53亿元,缺失,19.8,24.6,10.7,6.78,18.84,21.68,-36.52,-43.02,-43.5,-39.84,,,,,,,,,,
000294,混合型-偏股发行日期,1.20%（每年）,0.20%（每年）,9.27亿元,缺失,95.1,62.2,107.8,75.9,144.0,356.8,307.1,260.3,155.8,141.4,,,,,,,,,,
000295,债券型-混合一级发行日期,0.30%（每年）,0.10%（每年）,28.22亿元,缺失,,,,,,,,,,,,,,,,,,,,
000296,债券型-混合一级发行日期,0.30%（每年）,0.10%（每年）,0.04亿元,缺失,3.9,5.0,3.9,8.9,8.7,8.2,20.8,9.8,7.82,11.48,,,,,,,,,,
000297,债券型-混合二级发行日期,1.00%（每年）,0.20%（每年）,30.58亿元,缺失,-3.2,-16.4,-14.4,-21.8,2.8,38.2,77.4,37.5,30.8,35.62,,,,,,,,,,
000298,债券型-长债发行日期,0.30%（每年）,0.10%（每年）,5.08亿元,缺失,,,,,,,,,,,,,,,,,,,,
000299,债券型-长债发行日期,0.30%（每年）,0.10%（每年）,0.03亿元,缺失,13.8,-2.4,-1.1,4.4,8.2,11.8,11.0,12.4,17.9,18.0,,,,,,,,,,
000300,货币型-普通货币发行日期,0.24%（每年）,0.05%（每年）,18.34亿元,缺失,,,,,,,,,,,,,,,,,,,,
000301,货币型-普通货币发行日期,0.24%（每年）,0.05%（每年）,3.77亿元,缺失,,,,,,,,,,,,,,,,,,,,
000305,债券型-长债发行日期,0.30%（每年）,0.10%（每年）,20.85亿元,缺失,10.0,4.6,2.6,6.8,5.2,4.8,8.5,4.86,8.42,16.46,,,,,,,,,,
000306,债券型-混合二级发行日期,0.30%（每年）,0.10%（每年）,17.01亿元,缺失,27.2,25.9,17.5,20.0,24.4,27.18,15.69,8.83,4.08,11.76,,,,,,,,,,
000307,指数型-其他发行日期,0.50%（每年）,0.10%（每年）,49.15亿元,缺失,,-5.09,-2.54,0.59,18.49,35.48,29.07,40.66,63.14,105.79,,,,,,,,,,
000308,混合型-偏股发行日期,1.20%（每年）,0.20%（每年）,3.81亿元,缺失,122.0,119.9,149.8,97.4,195.0,384.0,570.6,454.1,373.4,343.4,,,,,,,,,,
000309,股票型发行日期,1.20%（每年）,0.20%（每年）,2.37亿元,缺失,70.7,80.7,90.1,43.4,113.8,230.3,327.4,245.4,196.8,210.8,,,,,,,,,,
000310,债券型-混合一级发行日期,0.40%（每年）,0.10%（每年）,1.53亿元,缺失,4.5,6.5,2.7,9.9,14.2,16.9,29.4,32.5,36.5,48.1,,,,,,,,,,
000311,指数型-股票发行日期,1.00%（每年）,0.20%（每年）,38.10亿元,缺失,87.4,86.1,111.4,61.8,118.4,179.7,172.4,115.3,93.9,119.1,,,,,,,,,,
000312,指数型-股票发行日期,1.00%（每年）,0.15%（每年）,7.57亿元,缺失,52.3,47.7,57.23,23.64,72.6,154.82,158.79,107.27,79.42,106.58,,,,,,,,,,
000313,指数型-股票发行日期,1.00%（每年）,0.15%（每年）,3.55亿元,缺失,50.0,44.8,52.63,19.37,65.89,143.94,146.77,96.85,69.72,94.63,,,,,,,,,,
000314,混合型-灵活发行日期,0.60%（每年）,0.15%（每年）,0.34亿元,缺失,38.8,42.5,38.8,29.7,43.7,62.6,87.1,82.1,76.1,92.1,,,,,,,,,,
000319,债券型-混合一级发行日期,0.30%（每年）,0.10%（每年）,8.50亿元,缺失,17.8,20.9,23.58,15.87,7.66,12.78,20.77,22.34,25.46,9.11,,,,,,,,,,
000320,债券型-混合一级发行日期,0.30%（每年）,0.10%（每年）,0.04亿元,缺失,17.6,20.4,22.73,14.73,6.31,11.1,18.63,19.88,22.63,6.44,,,,,,,,,,
000322,债券型-长债发行日期,0.27%（每年）,0.08%（每年）,2.14亿元,缺失,,,,,,1.2104841937,4.4417767107,6.8727490996,9.7839135654,13.1852741096,,,,,,,,,,
000324,货币型-普通货币发行日期,0.33%（每年）,0.10%（每年）,0.11亿元,缺失,,,,,,,,,,,,,,,,,,,,
000325,货币型-普通货币发行日期,0.33%（每年）,0.10%（每年）,0.00亿元,缺失,,,,,,,,,,,,,,,,,,,,
000326,股票型发行日期,1.20%（每年）,0.20%（每年）,2.77亿元,缺失,0.6000000000000001,3.0,4.1,2.38,28.66,70.84,80.5,39.92,2.12,2.5,,,,,,,,,,
000327,混合型-偏股发行日期,1.20%（每年）,0.20%（每年）,5.33亿元,缺失,1.4,4.5,10.0,5.95,52.15,117.92,170.33,105.42,69.35,71.99,,,,,,,,,,
000328,混合型-灵活发行日期,1.20%（每年）,0.20%（每年）,1.38亿元,缺失,82.5,35.4,72.6,6.4,68.2,218.01,242.75,110.04,67.8,64.95,,,,,,,,,,
000329,债券型-混合一级发行日期,0.30%（每年）,0.10%（每年）,15.06亿元,缺失,,-1.7,-1.9000000000000001,5.3,11.9,11.6,19.3,10.0,10.5,9.1,,,,,,,,,,
000330,货币型-普通货币发行日期,0.27%（每年）,0.05%（每年）,885.54亿元,缺失,,,,,,,,,,,,,,,,,,,,
000331,货币型-普通货币发行日期,0.22%（每年）,0.05%（每年）,9.31亿元,缺失,,,,,,,,,,,,,,,,,,,,
000332,货币型-普通货币发行日期,0.22%（每年）,0.05%（每年）,108.87亿元,缺失,,,,,,,,,,,,,,,,,,,,
000333,债券型-混合二级发行日期,0.75%（每年）,0.20%（每年）,3.17亿元,缺失,9.9,7.6,8.9,13.68,18.49,34.97,43.24,24.62,25.17,35.19,,,,,,,,,,
000334,债券型-混合二级发行日期,0.75%（每年）,0.20%（每年）,0.85亿元,缺失,9.4,6.8,7.6,11.78,16.32,31.97,39.5,20.89,20.93,30.1,,,,,,,,,,
000335,债券型-混合一级发行日期,0.40%（每年）,0.10%（每年）,0.49亿元,缺失,3.5,5.0,0.7000000000000001,7.3,13.6,15.9,27.8,30.4,33.8,44.59,,,,,,,,,,
000336,混合型-灵活发行日期,1.20%（每年）,0.20%（每年）,20.36亿元,缺失,77.94,41.15,45.65,-7.67,43.98,266.98,431.43,310.73,243.39,219.49,,,,,,,,,,
000338,债券型-混合二级发行日期,0.50%（每年）,0.10%（每年）,26.93亿元,缺失,,,,,,,,,,,,,,,,,,,,
000339,混合型-偏股发行日期,1.20%（每年）,0.20%（每年）,3.50亿元,缺失,45.8,41.3,55.4,32.63,126.99,294.91,327.61,201.09,180.34,126.78,,,,,,,,,,
000341,QDII-纯债发行日期,0.80%（每年）,0.15%（每年）,0.55亿元,缺失,-0.30000000000000004,4.9,13.9,10.0,22.3,24.5,19.4,1.7,3.2,3.1,,,,,,,,,,
000342,QDII-纯债发行日期,0.80%（每年）,0.15%（每年）,17.88亿元,缺失,,,,,,,,,,,,,,,,,,,,
000343,货币型-普通货币发行日期,0.27%（每年）,0.05%（每年）,,缺失,,,,,,,,,,,,,,,,,,,,
000345,债券型-混合一级发行日期,0.70%（每年）,0.20%（每年）,6.24亿元,缺失,13.2,16.5,22.1,42.6,58.7,67.9,49.7,34.6,33.0,33.7,,,,,,,,,,
000346,债券型-长债发行日期,0.30%（每年）,0.10%（每年）,10.17亿元,缺失,2.9,2.4,3.1,2.7,2.31,1.61,3.1,2.78,0.97,2.84,,,,,,,,,,
000347,债券型-长债发行日期,0.30%（每年）,0.10%（每年）,0.24亿元,缺失,2.8,2.0,2.8,2.6,1.55,1.2,2.82,3.05,0.89,2.7,,,,,,,,,,
000351,债券型-长债发行日期,0.30%（每年）,0.10%（每年）,2.48亿元,缺失,4.9,1.1,0.5,4.2,2.2,1.0,2.4,1.3,4.03,11.04,,,,,,,,,,
000352,债券型-长债发行日期,0.30%（每年）,0.10%（每年）,0.37亿元,缺失,4.7,0.9,0.30000000000000004,4.0,2.0,0.8,2.2,1.1,3.77,10.56,,,,,,,,,,
000354,混合型-偏股发行日期,1.20%（每年）,0.20%（每年）,1.33亿元,缺失,,,,,,,,,,,,,,,,,,,,
000355,债券型-混合一级发行日期,0.50%（每年）,0.10%（每年）,6.81亿元,缺失,11.9,9.2,8.5,20.4,25.3,26.71,30.02,27.1,34.92,40.54,,,,,,,,,,
000356,债券型-混合一级发行日期,0.50%（每年）,0.10%（每年）,2.62亿元,缺失,11.4,8.3,7.2,18.4,22.8,24.17,27.04,23.67,30.76,35.65,,,,,,,,,,
000359,货币型-普通货币发行日期,0.27%（每年）,0.05%（每年）,,缺失,,,,,,,,,,,,,,,,,,,,
000362,混合型-灵活发行日期,1.20%（每年）,0.20%（每年）,13.87亿元,缺失,,,,,,,,,,,,,,,,,,,,
000363,混合型-灵活发行日期,1.20%（每年）,0.20%（每年）,7.87亿元,缺失,92.4,18.9,34.0,-0.9,57.9,162.1,217.3,135.6,105.1,86.9,,,,,,,,,,
000366,货币型-普通货币发行日期,0.27%（每年）,0.05%（每年）,498.98亿元,缺失,,,,,,,,,,,,,,,,,,,,
000367,混合型-偏债发行日期,0.70%（每年）,0.20%（每年）,1.62亿元,缺失,24.6,28.4,40.7,37.7,54.3,82.5,96.2,87.0,80.4,96.2,,,,,,,,,,
000368,指数型-股票发行日期,0.50%（每年）,0.10%（每年）,13.75亿元,缺失,,,,,,,,,,,,,,,,,,,,
000369,指数型-海外股票发行日期,0.80%（每年）,0.20%（每年）,10.27亿元,缺失,30.1,16.9,30.2,39.7,70.1,74.8,101.9,114.7,123.6,127.3,,,,,,,,,,
000370,指数型-海外股票发行日期,0.80%（每年）,0.20%（每年）,10.27亿元,缺失,22.9447852761,3.3742331288,22.2699386503,23.8036809816,49.5705521472,64.3558282209,94.2944785276,89.1411042945,93.6809815951,93.9877300613,,,,,,,,,,
000371,货币型-普通货币发行日期,0.30%（每年）,0.08%（每年）,14.63亿元,缺失,,,,,,,,,,,,,,,,,,,,
000372,债券型-长债发行日期,0.30%（每年）,0.10%（每年）,20.40亿元,缺失,6.6,1.5,0.1,4.1,0.9,5.8,10.2,9.95,15.46,12.77,,,,,,,,,,
000373,指数型-股票发行日期,0.50%（每年）,0.10%（每年）,0.43亿元,缺失,31.6,18.4,40.1,6.8,38.8,104.6,77.4,38.0,24.4,10.1,,,,,,,,,,
000376,指数型-股票发行日期,0.50%（每年）,0.10%（每年）,0.57亿元,缺失,,,,,,,,,,,,,,,,,,,,
000377,债券型-混合二级发行日期,0.40%（每年）,0.10%（每年）,1.02亿元,缺失,12.7,3.2,0.9,0.1,10.0,10.9,8.66,5.57,4.12,9.42,,,,,,,,,,
000378,债券型-混合二级发行日期,0.40%（每年）,0.10%（每年）,0.10亿元,缺失,,,,,,,,,,,,,,,,,,,,
000379,货币型-普通货币发行日期,0.33%（每年）,0.05%（每年）,,缺失,,,,,,,,,,,,,,,,,,,,
000380,货币型-普通货币发行日期,0.32%（每年）,0.10%（每年）,,缺失,,,,,,,,,,,,,,,,,,,,
000381,货币型-普通货币发行日期,0.32%（每年）,0.10%（每年）,8.33亿元,缺失,,,,,,,,,,,,,,,,,,,,
000385,债券型-混合二级发行日期,0.40%（每年）,0.10%（每年）,171.01亿元,缺失,41.1,40.2,47.0,50.8,44.6,57.0,57.6,55.1,58.5,71.0,,,,,,,,,,
000386,债券型-混合二级发行日期,0.40%（每年）,0.10%（每年）,18.92亿元,缺失,,,,,,,,,,,,,,,,,,,,
000389,货币型-普通货币发行日期,0.27%（每年）,0.05%（每年）,,缺失,,,,,,,,,,,,,,,,,,,,
000390,混合型-灵活发行日期,1.20%（每年）,0.20%（每年）,40.55亿元,缺失,17.0,4.1,2.6,-19.0,12.8,31.2,13.1,3.1,0.9,7.1,,,,,,,,,,
000394,债券型-中短债发行日期,0.30%（每年）,0.10%（每年）,4.54亿元,缺失,4.8,6.2,8.5,2.91,4.23,6.88,9.88,12.3,14.46,17.18,,,,,,,,,,
000395,债券型-长债发行日期,0.25%（每年）,0.10%（每年）,24.54亿元,缺失,13.9,14.5,15.6,21.7,26.6,28.9,33.5,35.5,38.73,25.16,,,,,,,,,,
000396,债券型-长债发行日期,0.25%（每年）,0.10%（每年）,0.26亿元,缺失,13.8,14.0,14.7,23.3,27.9,29.6,33.7,35.2,37.88,23.67,,,,,,,,,,
000397,货币型-普通货币发行日期,0.27%（每年）,0.05%（每年）,,缺失,,,,,,,,,,,,,,,,,,,,
000398,混合型-灵活发行日期,1.20%（每年）,0.20%（每年）,0.52亿元,缺失,12.6,5.1,2.1,-14.1,4.7,10.7,3.1,24.3,-18.3,-29.59,,,,,,,,,,
000402,债券型-长债发行日期,0.30%（每年）,0.10%（每年）,74.63亿元,缺失,22.8,24.7,13.3,13.72,13.61,15.13,18.89,16.18,16.73,18.46,,,,,,,,,,
000403,债券型-长债发行日期,0.30%（每年）,0.10%（每年）,12.16亿元,缺失,22.0,23.3,12.0,13.14,12.6,13.64,16.87,13.75,15.8,17.71,,,,,,,,,,
000404,混合型-灵活发行日期,1.20%（每年）,0.20%（每年）,33.25亿元,缺失,229.4,98.2,128.3,54.0,192.4,365.4,479.6,280.3,282.2,295.7,,,,,,,,,,
000406,债券型-混合二级发行日期,0.40%（每年）,0.10%（每年）,7.32亿元,缺失,25.3,27.7,7.0,3.6,11.8,22.2,18.5,5.1,2.7600000000000002,6.9,,,,,,,,,,
000407,债券型-混合二级发行日期,0.40%（每年）,0.10%（每年）,0.22亿元,缺失,25.8,28.7,7.7,3.9,11.8,21.7,17.5,3.7,0.98,4.65,,,,,,,,,,
000408,混合型-灵活发行日期,1.20%（每年）,0.20%（每年）,3.02亿元,缺失,118.7,28.9,53.7,12.6,95.4,173.6,151.2,76.9,65.5,79.2,,,,,,,,,,
000409,股票型发行日期,1.20%（每年）,0.20%（每年）,10.20亿元,缺失,60.9,51.5,77.8,43.0,92.4,316.9,481.6,337.9,199.7,201.4,,,,,,,,,,
000410,混合型-灵活发行日期,0.90%（每年）,0.20%（每年）,0.30亿元,缺失,,,,,,,,,,,,,,,,,,,,
000411,股票型发行日期,1.20%（每年）,0.20%（每年）,4.58亿元,缺失,32.1,2.4,17.7,-7.9,28.8,76.9,76.9,57.0,17.9,55.8,,,,,,,,,,
000414,混合型-绝对收益发行日期,,0.20%（每年）,0.80亿元,缺失,15.6,16.5,19.6,17.0,22.5,34.6,42.8,36.9,37.4,37.3,,,,,,,,,,
000415,债券型-长债发行日期,0.30%（每年）,0.10%（每年）,2.74亿元,缺失,15.2,10.6,13.7,23.8,32.0,36.7,45.4,48.4,55.85,66.5,,,,,,,,,,
000416,债券型-长债发行日期,0.30%（每年）,0.10%（每年）,0.59亿元,缺失,14.6,9.5,12.2,21.7,29.3,33.3,41.2,43.6,50.12,59.73,,,,,,,,,,
000417,混合型-灵活发行日期,1.20%（每年）,0.20%（每年）,0.34亿元,缺失,16.6,17.8,18.19,-25.4,7.76,60.23,40.98,25.44,17.46,24.75,,,,,,,,,,
000418,股票型发行日期,1.20%（每年）,0.20%（每年）,23.94亿元,缺失,,,,,,,,,,,,,,,,,,,,
000419,债券型-长债发行日期,0.30%（每年）,0.10%（每年）,0.99亿元,缺失,,,,,,,,,,,,,,,,,,,,
000420,债券型-长债发行日期,0.30%（每年）,0.10%（每年）,0.24亿元,缺失,9.1,12.9,16.3,6.0,6.5,3.2,4.51,-0.44,2.71,9.05,,,,,,,,,,
000423,混合型-灵活发行日期,0.90%（每年）,0.05%（每年）,0.50亿元,缺失,7.6,6.4,43.2,14.0,65.7,107.0,109.8,77.4,77.9,80.7,,,,,,,,,,
000424,货币型-普通货币发行日期,0.33%（每年）,0.10%（每年）,267.25亿元,缺失,,,,,,,,,,,,,,,,,,,,
000425,货币型-普通货币发行日期,0.33%（每年）,0.10%（每年）,0.00亿元,缺失,,,,,,,,,,,,,,,,,,,,
000431,混合型-灵活发行日期,1.20%（每年）,0.20%（每年）,2.33亿元,缺失,7.7,2.3,46.3,6.0,73.9,226.6,304.8,215.8,134.3,132.3,,,,,,,,,,
000432,混合型-偏股发行日期,1.20%（每年）,0.20%（每年）,0.11亿元,缺失,69.1,58.5,48.5,31.7,80.7,125.1,141.0,88.5,61.8,63.7,,,,,,,,,,
000433,混合型-灵活发行日期,1.00%（每年）,0.20%（每年）,0.42亿元,缺失,,,,,,,,,,,,,,,,,,,,
000434,货币型-普通货币发行日期,0.33%（每年）,0.10%（每年）,23.36亿元,缺失,,,,,,,,,,,,,,,,,,,,
000436,混合型-偏债发行日期,0.40%（每年）,0.10%（每年）,16.03亿元,缺失,58.3,66.1,64.6,74.6,60.9,62.9,78.6,65.4,64.3,81.9,,,,,,,,,,
000452,混合型-灵活发行日期,1.20%（每年）,0.20%（每年）,24.05亿元,缺失,50.7,40.0,53.5,39.4,101.7,255.4,253.9,150.3,123.7,89.94,,,,,,,,,,
000457,股票型发行日期,1.20%（每年）,0.20%（每年）,7.71亿元,缺失,74.1,79.0,116.3,19.6,77.0,151.26,196.43,123.8,87.77,115.9,,,,,,,,,,
000458,混合型-灵活发行日期,1.20%（每年）,0.20%（每年）,0.66亿元,缺失,-24.0,-22.06,-7.94,-24.33,-4.7,27.26,72.42,37.68,11.94,10.33,,,,,,,,,,
000459,混合型-灵活发行日期,1.20%（每年）,0.20%（每年）,0.02亿元,缺失,,,,,,,,,,,,,,,,,,,,
000462,混合型-灵活发行日期,1.20%（每年）,0.20%（每年）,4.86亿元,缺失,,,,,,,,,,,,,,,,,,,,
000464,货币型-普通货币发行日期,0.30%（每年）,0.08%（每年）,114.94亿元,缺失,,,,,,,,,,,,,,,,,,,,
000465,债券型-长债发行日期,0.60%（每年）,0.20%（每年）,4.00亿元,缺失,8.1,2.3,0.7000000000000001,2.4,0.6000000000000001,0.7000000000000001,0.7000000000000001,-0.4,0.6000000000000001,5.5,,,,,,,,,,
000469,债券型-长债发行日期,,0.06%（每年）,21.44亿元,缺失,,,,,,,,,,,,,,,,,,,,
000470,债券型-长债发行日期,,0.06%（每年）,21.44亿元,缺失,,,,,,,,,,,,,,,,,,,,
000471,股票型发行日期,1.20%（每年）,0.20%（每年）,7.23亿元,缺失,185.6,100.8,75.3,-1.7,50.6,141.3,182.4,131.8,111.1,122.1,,,,,,,,,,
000472,股票型发行日期,1.20%（每年）,0.20%（每年）,7.23亿元,缺失,,,,,,,,,,,,,,,,,,,,
000475,货币型-普通货币发行日期,0.33%（每年）,0.10%（每年）,2.82亿元,缺失,,,,,,,,,,,,,,,,,,,,
000476,货币型-普通货币发行日期,0.33%（每年）,0.10%（每年）,0.10亿元,缺失,,,,,,,,,,,,,,,,,,,,
000477,混合型-灵活发行日期,1.20%（每年）,0.20%（每年）,12.90亿元,缺失,93.5,62.9,88.2,21.4,58.5,179.7,155.2,100.2,72.1,83.04,,,,,,,,,,
000478,指数型-股票发行日期,1.00%（每年）,0.20%（每年）,40.06亿元,缺失,125.41,128.02,135.35,61.47,106.09,162.2,219.33,166.78,142.82,157.83,,,,,,,,,,
000480,混合型-灵活发行日期,1.20%（每年）,0.20%（每年）,27.76亿元,缺失,98.3,101.9,155.6,99.5,150.5,231.9,316.8,270.8,295.7,355.6,,,,,,,,,,
000483,货币型-普通货币发行日期,0.28%（每年）,0.05%（每年）,1.45亿元,缺失,,,,,,,,,,,,,,,,,,,,
000484,货币型-普通货币发行日期,0.28%（每年）,0.05%（每年）,1.65亿元,缺失,,,,,,,,,,,,,,,,,,,,
000487,债券型-中短债发行日期,,0.05%（每年）,1.92亿元,缺失,,,,,0.0099990001,0.4699530047,0.6099390061000001,0.0199980002,1.3598640136,1.2198780122,,,,,,,,,,
000488,债券型-中短债发行日期,,0.05%（每年）,32.71亿元,缺失,,,,,,,,,,,,,,,,,,,,
000493,货币型-普通货币发行日期,0.27%（每年）,0.05%（每年）,0.00亿元,缺失,,,,,,,,,,,,,,,,,,,,
000494,货币型-普通货币发行日期,0.22%（每年）,0.05%（每年）,0.00亿元,缺失,,,,,,,,,,,,,,,,,,,,
000495,货币型-普通货币发行日期,0.17%（每年）,0.05%（每年）,2.99亿元,缺失,,,,,,,,,,,,,,,,,,,,
000496,混合型-灵活发行日期,1.20%（每年）,0.20%（每年）,0.19亿元,缺失,4.1,3.4,18.13,2.53,33.27,52.31,117.25,50.75,9.43,3.29,,,,,,,,,,
000497,债券型-长债发行日期,0.30%（每年）,0.10%（每年）,10.09亿元,缺失,0.0,2.8,4.15,3.9,7.17,7.93,6.98,4.48,6.87,2.99,,,,,,,,,,
000503,债券型-中短债发行日期,0.30%（每年）,0.10%（每年）,11.97亿元,缺失,7.7,4.9,2.92,6.08,10.19,13.2,2.52,5.12,8.41,12.23,,,,,,,,,,
000504,债券型-中短债发行日期,0.30%（每年）,0.10%（每年）,3.73亿元,缺失,,,,,,,,,,,,,,,,,,,,
000505,货币型-普通货币发行日期,0.33%（每年）,0.05%（每年）,683.45亿元,缺失,,,,,,,,,,,,,,,,,,,,
000506,货币型-普通货币发行日期,0.33%（每年）,0.05%（每年）,0.52亿元,缺失,,,,,,,,,,,,,,,,,,,,
000507,混合型-偏债发行日期,0.60%（每年）,0.20%（每年）,0.45亿元,缺失,18.1,5.0,17.6,18.2,30.5,45.6,51.4,41.5,9.7,12.6,,,,,,,,,,
000508,混合型-偏债发行日期,0.60%（每年）,0.20%（每年）,0.07亿元,缺失,,,,,,,,,,,,,,,,,,,,
000509,货币型-普通货币发行日期,0.30%（每年）,0.05%（每年）,940.57亿元,缺失,,,,,,,,,,,,,,,,,,,,
000511,混合型-灵活发行日期,0.70%（每年）,0.16%（每年）,0.21亿元,缺失,41.7,47.4,70.4,24.9,50.1,82.6,97.8,77.1,70.6,74.0,,,,,,,,,,
000512,指数型-股票发行日期,0.90%（每年）,0.20%（每年）,1.19亿元,缺失,66.1,69.4,99.6,60.9,41.24,65.0,41.53,17.05,4.26,20.86,,,,,,,,,,
000513,股票型发行日期,1.20%（每年）,0.20%（每年）,5.30亿元,缺失,84.1,36.8,74.8,19.8,115.1,257.2,311.3,191.5,189.6,177.6,,,,,,,,,,
000514,股票型发行日期,1.20%（每年）,0.20%（每年）,5.30亿元,缺失,,,,,,,,,,,,,,,,,,,,
000516,债券型-长债发行日期,0.30%（每年）,0.07%（每年）,28.05亿元,缺失,,,0.02,5.27,7.6,11.75,15.23,13.9,16.39,19.25,,,,,,,,,,
000517,债券型-长债发行日期,0.30%（每年）,0.07%（每年）,0.03亿元,缺失,,,,,,,,,,,,,,,,,,,,
000520,混合型-灵活发行日期,1.20%（每年）,0.20%（每年）,1.46亿元,缺失,,,,,,,,,,,,,,,,,,,,
000521,债券型-长债发行日期,0.30%（每年）,0.10%（每年）,10.20亿元,缺失,,,0.05,5.32,3.66,-0.61,0.8300000000000001,8.4,9.37,13.86,,,,,,,,,,
000522,混合型-偏股发行日期,1.20%（每年）,0.20%（每年）,1.79亿元,缺失,80.6,43.6,62.4,5.9,61.1,164.8,148.7,97.5,132.53,205.99,,,,,,,,,,
000523,混合型-灵活发行日期,1.20%（每年）,0.20%（每年）,1.21亿元,缺失,58.3,72.7,20.0,0.5,33.9,57.4,30.6,-8.0,-6.3,-20.29,,,,,,,,,,
000524,股票型发行日期,1.20%（每年）,0.20%（每年）,0.95亿元,缺失,,,,,,,,,,,,,,,,,,,,
000526,混合型-灵活发行日期,1.00%（每年）,0.20%（每年）,0.47亿元,缺失,27.8,28.6,46.1,19.4,29.3,29.3,40.1,28.1,26.0,36.9,,,,,,,,,,
000527,混合型-灵活发行日期,1.20%（每年）,0.20%（每年）,27.40亿元,缺失,88.5,92.9,153.2,109.2,191.9,431.8,401.5,244.6,190.6,208.85,,,,,,,,,,
000528,货币型-普通货币发行日期,0.15%（每年）,0.05%（每年）,75.18亿元,缺失,,,,,,,,,,,,,,,,,,,,
000529,混合型-灵活发行日期,1.20%（每年）,0.20%（每年）,4.98亿元,缺失,67.2,36.2,91.6,34.0,117.1,325.5,333.34,275.78,214.6,190.82,,,,,,,,,,
000530,混合型-灵活发行日期,1.20%（每年）,0.20%（每年）,0.23亿元,缺失,21.8,21.3,21.9,10.2,38.3,119.7,127.5,88.3,25.6,31.3,,,,,,,,,,
000531,混合型-灵活发行日期,1.20%（每年）,0.20%（每年）,0.25亿元,缺失,45.2,5.5,26.7,-5.6,27.6,85.41,115.36,35.05,15.23,11.16,,,,,,,,,,
000532,混合型-偏股发行日期,1.20%（每年）,0.20%（每年）,1.82亿元,缺失,61.0,34.6,81.3,45.4,138.8,313.9,321.4,258.3,203.1,203.7,,,,,,,,,,
000533,货币型-普通货币发行日期,0.30%（每年）,0.05%（每年）,17.31亿元,缺失,,,,,,,,,,,,,,,,,,,,
000534,混合型-灵活发行日期,1.20%（每年）,0.20%（每年）,4.88亿元,缺失,80.2,53.9,63.3,23.6,77.0,206.7,294.1,188.3,164.2,218.7,,,,,,,,,,
000535,混合型-灵活发行日期,1.20%（每年）,0.20%（每年）,1.59亿元,缺失,58.1,8.8,5.6,-17.5,-4.4,66.9,97.4,81.6,48.77,42.38,,,,,,,,,,
000536,债券型-混合二级发行日期,1.00%（每年）,0.20%（每年）,8.41亿元,缺失,,,,,,,,,,,,,,,,,,,,
000538,混合型-灵活发行日期,1.20%（每年）,0.20%（每年）,0.32亿元,缺失,30.0,29.2,33.2,24.0,34.2,48.6,36.3,-4.9,-13.1,-16.6,,,,,,,,,,
000539,货币型-普通货币发行日期,0.27%（每年）,0.05%（每年）,,缺失,,,,,,,,,,,,,,,,,,,,
000540,货币型-普通货币发行日期,0.20%（每年）,0.05%（每年）,180.46亿元,缺失,,,,,,,,,,,,,,,,,,,,
000541,混合型-灵活发行日期,1.20%（每年）,0.20%（每年）,7.24亿元,缺失,118.4,59.8,31.3,-14.2,42.7,187.4,267.1,137.5,94.2,83.5,,,,,,,,,,
000542,货币型-普通货币发行日期,0.15%（每年）,0.05%（每年）,2.52亿元,缺失,,,,,,,,,,,,,,,,,,,,
000543,货币型-普通货币发行日期,0.15%（每年）,0.05%（每年）,254.67亿元,缺失,,,,,,,,,,,,,,,,,,,,
000545,混合型-灵活发行日期,,0.20%（每年）,2.67亿元,缺失,,,,,,,,,,,,,,,,,,,,
000546,债券型-混合一级发行日期,0.40%（每年）,0.10%（每年）,29.87亿元,缺失,14.1,10.8,11.3,10.1,17.6,16.3,13.3,15.0,20.9,29.4,,,,,,,,,,
000547,混合型-偏股发行日期,1.20%（每年）,0.20%（每年）,4.05亿元,缺失,,,,,,,,,,,,,,,,,,,,
000548,货币型-普通货币发行日期,0.27%（每年）,0.05%（每年）,63.70亿元,缺失,,,,,,,,,,,,,,,,,,,,
000549,股票型发行日期,1.20%（每年）,0.20%（每年）,0.61亿元,缺失,102.8,67.3,82.2,29.1,120.9,216.8,288.8,183.0,148.3,170.5,,,,,,,,,,
000550,混合型-偏股发行日期,1.20%（每年）,0.20%（每年）,2.11亿元,缺失,,,,,,,,,,,,,,,,,,,,
000551,混合型-偏股发行日期,1.20%（每年）,0.20%（每年）,0.89亿元,缺失,,,,,,,,,,,,,,,,,,,,
000552,债券型-长债发行日期,0.68%（每年）,0.19%（每年）,5.28亿元,缺失,18.5,12.9,8.3,7.3,13.9,8.2,11.2,11.3,14.9,15.99,,,,,,,,,,
000553,债券型-长债发行日期,0.68%（每年）,0.19%（每年）,2.00亿元,缺失,17.7,11.6,8.1,7.2,13.4,8.0,10.6,10.2,15.35,16.02,,,,,,,,,,
000554,混合型-灵活发行日期,1.20%（每年）,0.20%（每年）,1.22亿元,缺失,56.5,41.1,63.8,20.1,53.0,113.9,147.0,119.6,107.2,109.48,,,,,,,,,,
000556,混合型-灵活发行日期,0.60%（每年）,0.10%（每年）,0.28亿元,缺失,33.6,25.0,37.7,17.4,69.0,162.5,157.0,141.7,140.6,135.79,,,,,,,,,,
000557,混合型-灵活发行日期,0.60%（每年）,0.10%（每年）,0.33亿元,缺失,32.5,23.2,34.8,14.9,64.9,154.8,148.9,132.5,130.2,125.09,,,,,,,,,,
000559,货币型-普通货币发行日期,0.30%（每年）,0.10%（每年）,,缺失,,,,,,,,,,,,,,,,,,,,
000560,货币型-普通货币发行日期,0.30%（每年）,0.10%（每年）,1.86亿元,缺失,,,,,,,,,,,,,,,,,,,,
000561,债券型-长债发行日期,0.30%（每年）,0.10%（每年）,10.77亿元,缺失,10.4,7.6,6.1,12.6,14.5,13.0,17.6,20.2,16.0,21.79,,,,,,,,,,
000562,债券型-长债发行日期,0.30%（每年）,0.10%（每年）,0.09亿元,缺失,9.7,6.5,4.8,12.7,16.5,14.6,18.8,20.9,15.9,21.23,,,,,,,,,,
000563,债券型-长债发行日期,0.65%（每年）,0.18%（每年）,1.87亿元,缺失,,,,,,,,,,,,,,,,,,,,
000564,债券型-长债发行日期,0.65%（每年）,0.18%（每年）,0.56亿元,缺失,6.8,3.1,2.4,10.2,11.6,11.01,12.81,8.11,9.21,10.03,,,,,,,,,,
000565,混合型-偏股发行日期,1.20%（每年）,0.20%（每年）,9.72亿元,缺失,,,,,,,,,,,,,,,,,,,,
000566,混合型-灵活发行日期,1.20%（每年）,0.20%（每年）,3.61亿元,缺失,113.4,85.0,149.9,89.0,122.1,259.4,250.5,183.1,137.9,117.2,,,,,,,,,,
000567,混合型-灵活发行日期,1.20%（每年）,0.20%（每年）,0.98亿元,缺失,92.7,60.1,88.0,42.7,84.2,180.0,197.9,123.7,78.5,76.2,,,,,,,,,,
000569,货币型-普通货币发行日期,0.27%（每年）,0.05%（每年）,,缺失,,,,,,,,,,,,,,,,,,,,
000572,混合型-灵活发行日期,1.20%（每年）,0.20%（每年）,2.57亿元,缺失,30.1,26.3,20.6,2.1,14.4,36.3,37.7,31.7,32.0,40.3,,,,,,,,,,
000573,混合型-灵活发行日期,0.80%（每年）,0.15%（每年）,7.75亿元,缺失,8.1,12.8,19.3,21.0,33.7,55.5,65.3,77.1,82.4,119.8,,,,,,,,,,
000574,混合型-灵活发行日期,1.20%（每年）,0.20%（每年）,9.20亿元,缺失,71.0,39.6,40.0,0.2,60.7,166.3,177.1,165.5,180.7,217.0,,,,,,,,,,
000575,货币型-普通货币发行日期,0.27%（每年）,0.05%（每年）,,缺失,,,,,,,,,,,,,,,,,,,,
000576,货币型-普通货币发行日期,0.14%（每年）,0.05%（每年）,12.52亿元,缺失,,,,,,,,,,,,,,,,,,,,
000577,股票型发行日期,,0.20%（每年）,14.91亿元,缺失,94.4,110.9,192.3,123.4,216.9,385.0,407.9,317.9,246.21,252.04,,,,,,,,,,
000578,债券型-混合二级发行日期,0.40%（每年）,0.10%（每年）,0.17亿元,缺失,,,,,,,,,,,,,,,,,,,,
000579,债券型-混合二级发行日期,0.40%（每年）,0.10%（每年）,0.01亿元,缺失,-9.7,-8.9,-8.96,-16.34,-5.17,-5.87,0.02,-3.48,-2.44,0.36,,,,,,,,,,
000580,货币型-普通货币发行日期,0.14%（每年）,0.05%（每年）,9.55亿元,缺失,,,,,,,,,,,,,,,,,,,,
000581,货币型-普通货币发行日期,0.30%（每年）,0.05%（每年）,798.23亿元,缺失,,,,,,,,,,,,,,,,,,,,
000582,债券型-长债发行日期,0.50%（每年）,0.10%（每年）,100.22亿元,缺失,,,,,,,,,,,,,,,,,,,,
000583,债券型-混合一级发行日期,0.30%（每年）,0.10%（每年）,0.76亿元,缺失,6.11,1.43,-2.61,3.17,8.98,8.78,14.05,19.76,24.93,31.28,,,,,,,,,,
000584,混合型-灵活发行日期,1.20%（每年）,0.20%（每年）,2.03亿元,缺失,81.1,71.2,96.1,83.5,170.1,366.4,538.53,357.59,330.1,370.54,,,,,,,,,,
000585,混合型-绝对收益发行日期,,0.20%（每年）,0.22亿元,缺失,5.3,7.0,8.8,6.6,13.7,25.1,33.0,22.4,18.0,11.4,,,,,,,,,,
000586,股票型发行日期,1.20%（每年）,0.20%（每年）,2.74亿元,缺失,92.8,69.9,46.0,20.8,84.5,139.3,207.6,144.9,113.5,116.7,,,,,,,,,,
000587,混合型-灵活发行日期,1.20%（每年）,0.20%（每年）,0.82亿元,缺失,113.4,59.8,91.4,37.7,86.1,211.4,306.9,211.8,152.9,179.9,,,,,,,,,,
000588,货币型-普通货币发行日期,0.27%（每年）,0.05%（每年）,,缺失,,,,,,,,,,,,,,,,,,,,
000589,混合型-偏股发行日期,1.20%（每年）,0.20%（每年）,0.66亿元,缺失,62.1,41.2,59.6,23.0,99.4,213.5,239.2,173.1,144.4,159.4,,,,,,,,,,
000590,混合型-灵活发行日期,0.70%（每年）,0.20%（每年）,0.44亿元,缺失,,,,,,,,,,,,,,,,,,,,
000591,混合型-偏股发行日期,1.20%（每年）,0.20%（每年）,0.26亿元,缺失,73.9,41.3,56.6,28.4,67.4,141.5,152.7,107.5,77.6,92.8,,,,,,,,,,
000592,股票型发行日期,1.20%（每年）,0.20%（每年）,5.09亿元,缺失,118.5,80.7,129.2,52.1,144.5,393.6,554.1,374.5,259.4,271.0,,,,,,,,,,
000593,指数型-海外股票发行日期,1.20%（每年）,0.20%（每年）,,缺失,,,,,,,,,,,,,,,,,,,,
000594,股票型发行日期,1.20%（每年）,0.20%（每年）,3.24亿元,缺失,,,,,,,,,,,,,,,,,,,,
000595,混合型-灵活发行日期,1.20%（每年）,0.20%（每年）,26.19亿元,缺失,88.1,86.8,137.2,81.3,162.9,348.5,317.2,240.4,166.9,167.1,,,,,,,,,,
000596,指数型-股票发行日期,1.00%（每年）,0.20%（每年）,7.40亿元,缺失,102.5,60.2,34.6,-1.2,22.0,114.6,154.6,93.5,54.3,61.0,,,,,,,,,,
000597,混合型-灵活发行日期,0.80%（每年）,0.20%（每年）,0.99亿元,缺失,10.8,15.6,25.4,11.7,21.8,38.6,43.6,38.7,35.6,37.9,,,,,,,,,,
000598,混合型-灵活发行日期,1.20%（每年）,0.20%（每年）,1.23亿元,缺失,63.2,40.1,67.1,35.4,70.3,158.2,242.2,181.4,160.7,199.9,,,,,,,,,,
000599,货币型-普通货币发行日期,0.27%（每年）,0.05%（每年）,169.57亿元,缺失,,,,,,,,,,,,,,,,,,,,
000600,货币型-普通货币发行日期,0.27%（每年）,0.04%（每年）,133.08亿元,缺失,,,,,,,,,,,,,,,,,,,,
000601,混合型-偏股发行日期,1.20%（每年）,0.20%（每年）,6.81亿元,缺失,11.0,-15.0,0.1,-23.5,31.9,157.0,219.7,128.1,103.7,79.3,,,,,,,,,,
000602,货币型-普通货币发行日期,0.14%（每年）,0.05%（每年）,641.58亿元,缺失,,,,,,,,,,,,,,,,,,,,
000603,混合型-灵活发行日期,1.20%（每年）,0.20%（每年）,18.20亿元,缺失,28.9,-8.8,-9.0,-31.4,-3.2,67.5,155.9,104.7,48.8,40.5,,,,,,,,,,
000604,货币型-普通货币发行日期,0.15%（每年）,0.10%（每年）,25.33亿元,缺失,,,,,,,,,,,,,,,,,,,,
000605,货币型-普通货币发行日期,0.15%（每年）,0.10%（每年）,96.85亿元,缺失,,,,,,,,,,,,,,,,,,,,
000606,债券型-长债发行日期,0.30%（每年）,0.10%（每年）,247.55亿元,缺失,,,0.52,7.81,5.45,2.65,2.97,2.53,4.11,9.61,,,,,,,,,,
000607,货币型-普通货币发行日期成立日期/规模,0.27%（每年）,0.05%（每年）,330.80亿元,缺失,,,,,,,,,,,,,,,,,,,,
000609,混合型-灵活发行日期,1.20%（每年）,0.20%（每年）,1.80亿元,缺失,84.7,66.1,18.5,-11.4,41.6,164.2,204.2,101.4,70.1,71.2,,,,,,,,,,
000612,混合型-偏股发行日期,1.20%（每年）,0.20%（每年）,3.89亿元,缺失,107.3,82.3,102.9,45.5,122.7,239.0,362.8,349.0,244.1,204.2,,,,,,,,,,
000613,指数型-股票发行日期,0.50%（每年）,0.10%（每年）,12.08亿元,缺失,62.34,0.02,7.18,-17.76,10.67,34.42,31.46,6.12,-6.91,8.69,,,,,,,,,,
000614,指数型-海外股票发行日期,0.80%（每年）,0.20%（每年）,2.28亿元,缺失,,,,,,,,,,,,,,,,,,,,
000615,货币型-普通货币发行日期,0.27%（每年）,0.06%（每年）,1.11亿元,缺失,,,,,,,,,,,,,,,,,,,,
000618,货币型-普通货币发行日期,0.33%（每年）,0.05%（每年）,135.27亿元,缺失,,,,,,,,,,,,,,,,,,,,
000619,混合型-灵活发行日期,,0.20%（每年）,27.33亿元,缺失,117.0,116.9,230.8,158.4,282.1,436.0,380.6,306.5,308.1,253.5,,,,,,,,,,
000620,货币型-普通货币发行日期,0.14%（每年）,0.05%（每年）,6.79亿元,缺失,,,,,,,,,,,,,,,,,,,,
000621,货币型-普通货币发行日期,0.14%（每年）,0.05%（每年）,804.75亿元,缺失,,,,,,,,,,,,,,,,,,,,
000625,货币型-普通货币发行日期,0.30%（每年）,0.10%（每年）,0.99亿元,缺失,,,,,,,,,,,,,,,,,,,,
000626,货币型-普通货币发行日期,0.15%（每年）,0.05%（每年）,7.39亿元,缺失,,,,,,,,,,,,,,,,,,,,
000627,货币型-普通货币发行日期,0.15%（每年）,0.05%（每年）,31.83亿元,缺失,,,,,,,,,,,,,,,,,,,,
000628,股票型发行日期,1.20%（每年）,0.20%（每年）,123.40亿元,缺失,,,,,,,,,,,,,,,,,,,,
000634,混合型-灵活发行日期,1.20%（每年）,0.20%（每年）,5.36亿元,缺失,31.5,5.3,26.6,-6.9,39.6,91.7,61.4,15.6,1.0,-6.7,,,,,,,,,,
000635,混合型-灵活发行日期,1.20%（每年）,0.20%（每年）,5.36亿元,缺失,,,,,,,,,,,,,,,,,,,,
